{"EvoTrees":{"EvoTreeRegressor":{"max_depth":10,"alpha":0.4600695824469999,"gamma":10.033925346649088,"lambda":2.471216056811004,"min_weight":2.474094166376866,"eta":0.1630681235912803,"nrounds":38}},"NearestNeighborModels":{"KNNRegressor":{"K":2,"leafsize":33}},"DecisionTree":{"DecisionTreeRegressor":{"max_depth":20,"min_samples_leaf":7},"RandomForestRegressor":{"max_depth":-1,"n_trees":25,"min_samples_leaf":15,"n_subfeatures":0,"sampling_fraction":0.795137853299148}},"XGBoost":{"XGBoostRegressor":{"max_depth":5,"alpha":0.5512984758654217,"max_delta_step":7.738203002210345,"gamma":14.952343195445689,"lambda":1.8956211072858122,"eta":0.15472309821777155,"min_child_weight":2.2730909176674072,"subsample":0.8509127715829845}},"LightGBM":{"LGBMRegressor":{"bagging_freq":1,"max_depth":8,"learning_rate":0.10969299387595863,"num_iterations":77,"bagging_fraction":0.9407776107096942}}}